Scraping Date,ProfileURL,Full Name,Position And Company,Location,First Name,Last Name,Title,Company,Company LinkedIn URL
2021-08-13,https://www.linkedin.com/in/airingwang,Qin (Airing) Wang,PharmaCare Laboratories - Head Of Marketing | MBA candidate at Macquarie Graduate School of Management,Australia,Qin,(Airing) Wang,Head of Marketing- China,PharmaCare Laboratories,https://www.linkedin.com/company/pharmacare-laboratories/
2021-08-13,https://www.linkedin.com/in/rachael-dahl,Rachael Dahl,Head of Marketing,Greater Sydney Area,Rachael,Dahl,General Manager - Marketing,Access Corporate Group,https://www.linkedin.com/company/accesscorporategroup/
2021-08-13,https://www.linkedin.com/in/alison-j-muir,Alison Muir ( she/her),Multi Site Leadership | General Manager | Retail Operations | Customer Experience,"Sydney, NS",Alison,Muir ( she/her),General Manager - Sydney,MYER,https://www.linkedin.com/company/myer/
2021-08-13,https://www.linkedin.com/in/damien-grant-00762a32,Damien Grant,Managing Director,Greater Sydney Area,Damien,Grant,Managing Director,Absolute Results,https://www.linkedin.com/search/results/all/?keywords=Absolute%20Results%20
2021-08-13,https://www.linkedin.com/in/katherinemamontoff,Katherine Mamontoff,"General Manager Online & Omni-Channel, ANZ - Estee Lauder Companies",Greater Sydney Area,Katherine,Mamontoff,Integrated Marketing Communications Specialist,IBM,https://www.linkedin.com/company/ibm/
2021-08-13,https://www.linkedin.com/in/anastasia-lloyd-wallis-b73400a2,Anastasia Lloyd-wallis,"General Manager, Head of Consumer Insights, Professional Speaker, Retail Doctor Group","Sydney, NS",Anastasia,Lloyd-wallis,General Manager - Consumer insights and projects,Retail Doctor Group,https://www.linkedin.com/company/retail-doctor-group/
2021-08-13,https://www.linkedin.com/in/darren-taylor-4a793379,Darren Taylor,General Manager Marketing & Ecommerce at National Tiles,Greater Sydney Area,Darren,Taylor,General Manager Marketing & Ecommerce,National Tiles,https://www.linkedin.com/company/national-tiles/
2021-08-13,https://www.linkedin.com/in/krisbengtsson,Kristin Bengtsson,"Business, people and marketing leader","Sydney, NS",Kristin,Bengtsson,Head Of Marketing,Disability Services Australia (DSA),https://www.linkedin.com/company/disability-services-australia/
2021-08-13,https://www.linkedin.com/in/luke-doddrell-3a1b2452,Luke Doddrell,General Manager Asia Pacific - Icebreaker at VF Corporation,"Auckland, New Zealand",Luke,Doddrell,General Manager Asia Pacific - Icebreaker,VF Corporation,https://www.linkedin.com/company/vf-corporation/
2021-08-13,https://www.linkedin.com/in/biancavlasic,Bianca Vlasic,"CMO | Integrated Strategic Leadership | Brand, Marketing & Communications | Digital Transformation | Data & Insights | CX","Sydney, NS",Bianca,Vlasic,Group Marketing Manager,Redcape Hotel Group,https://www.linkedin.com/search/results/all/?keywords=Redcape%20Hotel%20Group
2021-08-13,https://www.linkedin.com/in/tomfraney,Tom Franey,Experienced Head of E-Commerce & Digital Product Owner | Online Retail Solutions Expert,"Brisbane, QL",Tom,Franey,Head of Digital & Technology,Scotch & Soda Australia and New Zealand,https://www.linkedin.com/company/scotch-soda-australia/
2021-08-13,https://www.linkedin.com/in/paromitamitra,Paromita Mitra,Omnichannel Strategist | Digital Marketing Leader | Acquisition Specialist | Public Speaker | Passionate Learner | Board Member,Greater Sydney Area,Paromita,Mitra,Regional Digital Shelf Management & Partner Enablement Lead - Omnichannel GTM - Asia Pacific,HP,https://www.linkedin.com/company/hp/
2021-08-13,https://www.linkedin.com/in/hatfieldchris,Christopher Hatfield,"Head of eBusiness Oceania at Nestle. Asia eCommerce Leader of the Year runner-up 2020. eCommerce, Marketing & Digital Expert | Innovative Leader | Thought Leader | Subject Matter Expert","Sydney, NS",Christopher,Hatfield,Head of eBusiness Oceania | eCommerce | Digital Marketing | Digital Technology | Direct Channels,Nestlé,https://www.linkedin.com/company/nestle-s-a-/
2021-08-13,https://www.linkedin.com/in/alexandra-phillips-1a306b122,Alexandra Phillips,General Manager - Retail,Auckland,Alexandra,Phillips,General Manager - Retail,moochi,https://www.linkedin.com/company/moochi/
2021-08-13,https://www.linkedin.com/in/caroline-mclaughlin-18397a12,Caroline McLaughlin,Chief Experience Officer at Body Catalyst,Australia,Caroline,McLaughlin,Chief Experience Officer,Body Catalyst,https://www.linkedin.com/company/body-catalyst/
2021-08-13,https://www.linkedin.com/in/thomas-zulliger-75858539,Thomas Zulliger,Global Head of eCommerce | Global Rip Curl Group,Greater Melbourne Area,Thomas,Zulliger,VP eCommerce APAC,Boardriders,https://www.linkedin.com/company/boardridersinc/
2021-08-13,https://www.linkedin.com/in/tunc-bolluk,Tunc Bolluk,"VP, APAC",Greater Sydney Area,Tunc,Bolluk,Regional Director - APAC,Return Path,https://www.linkedin.com/company/return-path/
2021-08-13,https://www.linkedin.com/in/jamesdomensino,James Domensino,"All things Digital, E-commerce & B2B | Top 50 in E-commerce 2021 & 2020 | Mentor @ TheRetailMentors.com","Byron Bay, NS",James,Domensino,Brand & Ecommerce Manager,Suzanne Grae,https://www.linkedin.com/company/suzanne-grae/
2021-08-13,https://www.linkedin.com/in/vlad-yakubson-30463253,Vlad Yakubson,General Manager - yd at the Retail Apparel Group,"Sydney, NS",Vlad,Yakubson,General Manager - yd,Retail Apparel Group,https://www.linkedin.com/company/retail-apparel-group/
2021-08-13,https://www.linkedin.com/in/paul-waddy-9063b622,Paul Waddy,E-commerce Adviser | # 2 in Top 50 People in E-commerce 2021 | Dad,Greater Sydney Area,Paul,Waddy,Head Of Operations,Showpo,https://www.linkedin.com/company/showpo/
2021-08-13,https://www.linkedin.com/in/johnnybhalla,Johnny Bhalla,"Head of Brand, Strategy & Consumer Experience - KOI Dessert Bar. Director - Discover Different. Chief Seaside DJ - YKDR.","Sydney, NS",Johnny,Bhalla,Chief Marketing Officer,Nom Noms World Food,https://www.linkedin.com/company/nomnomsworldfood/
2021-08-13,https://www.linkedin.com/in/darren-john-a-3646a412,Darren John A.,Head of eBusiness at Discerning Drinks Co.,Greater Sydney Area,Darren,John A.,Head of eBusiness,Stuart Alexander & Co.,https://www.linkedin.com/company/stuart-alexander/
2021-08-13,https://www.linkedin.com/in/charissa-lanham-3b403646,Charissa Lanham,"Senior Manager, Brand Strategic Committee at Access Corporate Group","New South Wales, Australia",Charissa,Lanham,"Senior Manager, Brand Strategic Committee",Access Corporate Group,https://www.linkedin.com/company/accesscorporategroup/
2021-08-13,https://www.linkedin.com/in/katethomasuk,Kate Thomas,Marketing Director at Aje.,Greater Sydney Area,Kate,Thomas,Strategist (Retail and Brand),20.20 Limited,https://www.linkedin.com/company/20-20/
2021-08-13,https://www.linkedin.com/in/loaneavenell,Loane Avenell,National Marketing Manager at Mad Mex Fresh Mexican,Greater Sydney Area,Loane,Avenell,National Marketing Manager,Mad Mex Fresh Mexican,https://www.linkedin.com/company/mad-mex-fresh-mexican/
2021-08-13,https://www.linkedin.com/in/andrew-wang-a9505316,Andrew Wang,Head of Product Manager and Marketing Manager at Mwave.com.au,Greater Sydney Area,Andrew,Wang,Head of Product Manager and Marketing Manager,Mwave Australia,https://www.linkedin.com/company/mwave-australia/
2021-08-13,https://www.linkedin.com/in/pauladasilva,Paula Da Silva,"Passionate about agencies, technology and business transformation.","North Sydney, NS",Paula,Da Silva,Regional Agency Solutions - APAC,Deltek,https://www.linkedin.com/company/deltek/
2021-08-13,https://www.linkedin.com/in/shane-hills-52420b37,Shane Hills,Country Manager - Australia (Godiva),Greater Melbourne Area,Shane,Hills,Country Manager - Australia,Godiva Chocolatier,https://www.linkedin.com/company/godiva-chocolatier/
2021-08-13,https://www.linkedin.com/in/leparquierlucie,Lucie Leparquier,Strategic Account Manager at Insider.,"Sydney, NS",Lucie,Leparquier,Digital Marketing Manager,Best Western® Hotels & Resorts,https://www.linkedin.com/company/best-western-hotels-&-resorts/
2021-08-13,https://www.linkedin.com/in/scottwilliamforrest,Scott William Forrest,eCommerce & Digital Marketing Director at Nuheara,Greater Perth Area,Scott,William Forrest,Digital Marketing Director,Nuheara,https://www.linkedin.com/company/nuheara/
2021-08-13,https://www.linkedin.com/in/hellobradmorris,Brad Morris,"Managing Partner, Clemenger BBDO. International Academy Member, Digital Arts & Sciences. LLB AICD.",Greater Sydney Area,Brad,Morris,Managing Partner | Managing Director,Clemenger BBDO,https://www.linkedin.com/company/clemenger-bbdo/
2021-08-13,https://www.linkedin.com/in/sharineduran,Sharine Duran,APAC Success Manager @Gorgias; Founder @Adzurra,"Sydney, NS",Sharine,Duran,APAC Success Manager,Gorgias,https://www.linkedin.com/company/gorgias/
2021-08-13,https://www.linkedin.com/in/trisca,Trisca Scott-Branagan,Marketing & Operations Executive | CMO50 #5 | Growth | Leadership | Personalisation | B2C and B2B | Advisory Board Member,Greater Melbourne Area,Trisca,Scott-Branagan,"Head of Personalisation, Group Marketing",ANZ,https://www.linkedin.com/company/anz/
2021-08-13,https://www.linkedin.com/in/lucinda-acheson,Lucinda Acheson,Strategic customer experience leader,Greater Sydney Area,Lucinda,Acheson,Customer Experience Director,"Amicus Digital, a Merkle Company",https://www.linkedin.com/company/merkle-anz/
2021-08-13,https://www.linkedin.com/in/jamieleighhecht,Jamie-Leigh H.,Vice President - Community & Operations at Black Nova Group,Greater Sydney Area,Jamie-Leigh,H.,Vice President - Community & Operations,Black Nova Group,https://www.linkedin.com/company/black-nova-group/
2021-08-13,https://www.linkedin.com/in/rachel-tigel,Rachel Tigel,"General Manager Digital and CX at Three By One | Rollas, Abrand, Neuw",Greater Melbourne Area,Rachel,Tigel,Head of Digital & eCommerce,Forever New Clothing,https://www.linkedin.com/company/forever-new-clothing/
2021-08-13,https://www.linkedin.com/in/jody-nicholas-77b01313,Jody Nicholas,Marketing Performance Leader at IKEA,Greater Sydney Area,Jody,Nicholas,Marketing Performance Leader,IKEA,https://www.linkedin.com/company/ikea/
2021-08-13,https://www.linkedin.com/in/adamblythman,Adam Blythman,State Director VIC/TAS/SA/WA at Luxottica,"Melbourne, VI",Adam,Blythman,Sales & Operations Manager VIC/TAS/SA/WA & Sales Manager Outlets - Sunglass Hut & Oakley Retail,Sunglass Hut,https://www.linkedin.com/company/sunglasshut/
2021-08-13,https://www.linkedin.com/in/franklinscialom,Franklin Scialom,Marketing Executive at Retail Doctor Group,"Sydney, NS",Franklin,Scialom,Marketing/Visual Merchandising Executive,Parfums Christian Dior,https://www.linkedin.com/company/parfums-christian-dior/
2021-08-13,https://www.linkedin.com/in/michael-wittner-b411b322,Michael Wittner,Executive Chairman | Board of Directors | Non-Executive Director | Advisory Board Member | Private Investor | CEO Business Mentor |,"Melbourne, VI",Michael,Wittner,CEO International,Wittner Shoes Australia,https://www.linkedin.com/company/wittner-shoes-australia/
2021-08-13,https://www.linkedin.com/in/michelle-yanez-olivares,Michelle Yanez-Olivares,Customer Experience | Retail Operations | Speaker,"Melbourne, VI",Michelle,Yanez-Olivares,Company Name\nAccent Group Limited,Showpo,https://www.linkedin.com/company/accent-group/
2021-08-13,https://www.linkedin.com/in/sally-lennox,Sally Lennox,Head Of Digital at T2 Tea,"Ballarat Central, VI",Sally,Lennox,Head Of Digital,T2 Tea,https://www.linkedin.com/company/t2-tea/
2021-08-13,https://www.linkedin.com/in/hayley-worley-9415a376,Hayley Worley,Founder @thesheetsociety I #8 Top 50 People in eCommerce,Greater Melbourne Area,Hayley,Worley,Founder,The Sheet Society,https://www.linkedin.com/company/thesheetsociety/
2021-08-13,https://www.linkedin.com/in/mark-mitchinson,Mark Mitchinson,"Head of Sales, Commercial & Operations - APAC | Category & Product | Multi-site Retail | E-commerce",Greater Sydney Area,Mark,Mitchinson,"Head of Sales, APAC",Koala,https://www.linkedin.com/company/koala-aussie-furniture/
2021-08-13,https://www.linkedin.com/in/robert-cocking-938546105,Robert Cocking,"Head of Marketing, Digital & Store Experience Manager at STATESIDE SPORTS PTY LTD","Sydney, NS",Robert,Cocking,"Head of Marketing, Digital and Store Experience",STATESIDE SPORTS PTY LTD,https://www.linkedin.com/company/stateside-sports-pty-ltd/
2021-08-13,https://www.linkedin.com/in/jameswguerin,James Guerin,Head of Partnerships at REVIEWS.io,"Sydney, NS",James,Guerin,Strategic Account Manager - Online Retailer,Reed Exhibitions,https://www.linkedin.com/company/reed-exhibitions/
2021-08-13,https://www.linkedin.com/in/jon-harry-54465731,Jon Harry,The Growth Agency - Partner,"Brisbane, QL",Jon,Harry,The Growth Agency - Partner,The Growth Agency,https://www.linkedin.com/company/thegrowthagency/
2021-08-13,https://www.linkedin.com/in/elizadawes,Eliza Dawes,"Director, APAC Marketing",Greater Sydney Area,Eliza,Dawes,"Director, APAC Marketing",GitHub,https://www.linkedin.com/company/github/
2021-08-13,https://www.linkedin.com/in/alice-davidson-95393694,Alice Davidson,Events Marketing Manager APAC at Contentsquare,Greater Sydney Area,Alice,Davidson,Events Marketing Manager APAC,Contentsquare,https://www.linkedin.com/company/contentsquare/
2021-08-13,https://www.linkedin.com/in/ben-anderson-,Ben Anderson,Head of eCommerce at Accent Group Limited,Greater Melbourne Area,Ben,Anderson,Head Of Ecommerce,Accent Group Limited,https://www.linkedin.com/company/accent-group/
2021-08-13,https://www.linkedin.com/in/monisha-bhogal,Monisha Bhogal,Brand Partnerships & Creative Content Producer,Greater Sydney Area,Monisha,Bhogal,Brand Partnerships & Creative Content Producer,Finder,https://www.linkedin.com/company/finder/
2021-08-13,https://www.linkedin.com/in/vaskockorovski,Vasko Ckorovski,I make complex things simple.,"Sydney, NS",Vasko,Ckorovski,Chief Technology Officer (Incubation),Project Slipstream Contract,https://www.linkedin.com/company/projectslipstream/
2021-08-13,https://www.linkedin.com/in/helenjohnsontangram,Helen Johnson,Partner @ Tangram,"Sydney, NS",Helen,Johnson,Managing Director,TANGRAM,https://www.linkedin.com/company/bytangram/
2021-08-13,https://www.linkedin.com/in/stephanietam1,Stephanie Leathers,General Manager at Aje.,Greater Sydney Area,Stephanie,Leathers,General Manager,Aje.,https://www.linkedin.com/company/ajeworld/
2021-08-13,https://www.linkedin.com/in/rick-ferguson-ba3394,Rick Ferguson,Australia & New Zealand Country Manager at NashTech Limited,Greater Sydney Area,Rick,Ferguson,,,
2021-08-13,https://www.linkedin.com/in/matthew-nebbs,Matthew Nebbs,"Helping automotive & manufacturing companies orchestrate strategy, technology and operations to deliver amazing customer experiences","Melbourne, VI",Matthew,Nebbs,,,
2021-08-13,https://www.linkedin.com/in/jasonelk,Jason Elk,Head of Performance Marketing - 9Now at Nine,"Sydney, NS",Jason,Elk,,,
2021-08-13,https://www.linkedin.com/in/seanseah,Sean Seah,CEO accelerating digital transformation for 25+ years with Microsoft Toyota HSBC Burger King Travelocity Groupon & more,Auckland,Sean,Seah,,,
2021-08-13,https://www.linkedin.com/in/wilkins-l,Wilkins L.,Regional Head of Automation at Sanofi - Digital Transformation | Hyperautomation | RPA | Leader | Pioneer | Speaker | Evangelist,Australia,Wilkins,L.,,,
2021-08-13,https://www.linkedin.com/in/sianwheatley,Sian Wheatley,Senior Marketing Manager | Digital | Media | eCommerce | CRM | Social | Data,Greater Sydney Area,Sian,Wheatley,,,
2021-08-13,https://www.linkedin.com/in/alaraberisha,Alara Berisha,"E-commerce Manager at Dermalogica, Unilver Prestige (Australia)","Sydney, NS",Alara,Berisha,,,
2021-08-13,https://www.linkedin.com/in/peterknock,Peter Knock,"Business For Purpose | Non-Executive Director, Specialist Advisor, Mentor, Investor, Retail |Top 50 People in Ecommerce| Circular Economy Advocate",Greater Sydney Area,Peter,Knock,,,
2021-08-13,https://www.linkedin.com/in/peteraharris20,Peter Harris,CEO at Bastion Insights,Greater Sydney Area,Peter,Harris,,,
2021-08-13,https://www.linkedin.com/in/bonnie-jackson-7435a9133,Bonnie Jackson,Brand Marketing Executive at Nine,"Sydney, NS",Bonnie,Jackson,,,
2021-08-13,https://www.linkedin.com/in/adampriest,Adam P.,"Industry Vertical Lead, Fashion & Apparel",Greater Sydney Area,Adam,P.,,,
2021-08-13,https://www.linkedin.com/in/charlotte-michalanney,Charlotte Michalanney,Marketing Manager at Convert Digital,Greater Sydney Area,Charlotte,Michalanney,,,
2021-08-13,https://www.linkedin.com/in/jeanpierrenaim,Jean-Pierre Naim,"Channel Sales Manager - Australia, New Zealand & South East Asia at Similarweb","Sydney, NS",Jean-Pierre,Naim,,,
2021-08-13,https://www.linkedin.com/in/annamcdonald1,Anna McDonald,Retail & Consumer | High Growth | Transformation,"Melbourne, VI",Anna,McDonald,,,
2021-08-13,https://www.linkedin.com/in/paulerskine1000,Paul Erskine,Head of Digital & Data Delivery at Strandbags,"Clareville, NS",Paul,Erskine,,,
2021-08-13,https://www.linkedin.com/in/vinnieromano,🚶🏽Vinnie Romano,Content Marketing Strategist | Customer Experience Enthusiast | Demand Generation Evangelist,"Sydney, NS",🚶🏽Vinnie,Romano,,,
2021-08-13,https://www.linkedin.com/in/adele-nowakowska-73377819,Adele Nowakowska,Marketing Manager at Hort Innovation,"Sydney, NS",Adele,Nowakowska,,,
2021-08-13,https://www.linkedin.com/in/jannatdawra,Jannat Dawra,B2B Marketer & LinkedIn Personal Branding Expert. Empowering professionals & entrepreneurs to stand out authentically.,"Sydney, NS",Jannat,Dawra,,,
2021-08-13,https://www.linkedin.com/in/joannaegan1,Jo Egan 🦄,People first; technology always.,Greater Sydney Area,Jo,Egan 🦄,,,
2021-08-13,https://www.linkedin.com/in/mareile-osthus-2abb849b,Mareile Osthus,Sustainability Consultant at OrotonGroup / digital expert e-commerce Zalando and The Iconic,"Sydney, NS",Mareile,Osthus,,,
2021-08-13,https://www.linkedin.com/in/simrit-lally-816a25b0,Simrit Lally,Digital Growth Consultant at Insider,Greater Sydney Area,Simrit,Lally,,,
2021-08-13,https://www.linkedin.com/in/david-woodlock,David Woodlock,Sales & Marketing Leader | Senior Consultant | Head of Marketing | CMO | Non-Executive Director | B2B | Market Development | Transformation | Governance,Greater Sydney Area,David,Woodlock,,,
2021-08-13,https://www.linkedin.com/in/robert-daley-28127129,Robert Daley,Founding Partner at Focus Matters - Sales & Customer Reset Coach,"Scheyville, NS",Robert,Daley,,,
2021-08-13,https://www.linkedin.com/in/elle-kuiters-40589672,Elle Kuiters,Director & Founder at White Canvas Co,"Sydney, NS",Elle,Kuiters,,,
2021-08-13,https://www.linkedin.com/in/andrewhay756,Andrew Hay,Experienced Digital Commerce Professional,Australia,Andrew,Hay,,,
2021-08-13,https://www.linkedin.com/in/andrewj-park,Andrew Park,Senior Marketing Manager at Gowrie NSW,Australia,Andrew,Park,,,
2021-08-13,https://www.linkedin.com/in/wadetimmings,Wade Timmings,Marketing and Technology Manager at Irvin Hotel Group,"Maroubra, NS",Wade,Timmings,,,
2021-08-13,https://www.linkedin.com/in/michelle-braks,Michelle Braks,Ecommerce Project Manager at Convert Digital,Greater Sydney Area,Michelle,Braks,,,
2021-08-13,https://www.linkedin.com/in/retaildoctor,Brian Walker,CEO Founder Retail Doctor Group at Retail Doctor Group Building Transformative Retail /NED /Advisory boards/ Speaker and Influencer,"Milsons Point, NS",Brian,Walker,,,
2021-08-13,https://www.linkedin.com/in/sashareid,Sasha Reid,Founder and CEO of Hyper | Investor | Startup Mentor | First publicly traded human in Aus | Join Hyper’s Global Incubator,"Carlton North, VI",Sasha,Reid,,,
2021-08-13,https://www.linkedin.com/in/ashishshetty,Ashish Shetty,Chief Marketing Officer at Game Marketing Genie,Greater Melbourne Area,Ashish,Shetty,,,
2021-08-13,https://www.linkedin.com/in/liam-kelly-a2btransformation,Liam Kelly,A2B Transformation - Business & Digital Transformation Advisory and Delivery Specialists with the ability to deliver accelerated change into the DNA of your business,Greater Melbourne Area,Liam,Kelly,,,
2021-08-13,https://www.linkedin.com/in/raigada,Olga R.,Head of Digital Experience at Rest Super,Greater Sydney Area,Olga,R.,,,
2021-08-13,https://www.linkedin.com/in/daniel-keegan-5837b214,Daniel Keegan,"Acting Country Manager & Director of Sales and Marketing, Shareholder @Insider","Sydney, NS",Daniel,Keegan,,,
2021-08-13,https://www.linkedin.com/in/rad-m-1b1403b0,Rad M.,"Head Of Partnerships at Yotpo, ANZ","Melbourne, VI",Rad,M.,,,
2021-08-13,https://www.linkedin.com/in/berkcanartuc,Berkcan (Beko) Artuç,Digital Growth Associate - Help to grow your online business with world's first Growth Management Platform from Insider,"Sydney, NS",Berkcan,(Beko) Artuç,,,
2021-08-13,https://www.linkedin.com/in/ryan-keller-b031546a,Ryan Keller,Luxury Escapes,Greater Sydney Area,Ryan,Keller,,,
2021-08-13,https://www.linkedin.com/in/lisa-cerny-9654564b,Lisa Cerny,Business Development @ Switch | PropTech,"Sydney, NS",Lisa,Cerny,,,
2021-08-13,https://www.linkedin.com/in/heather-robertson-ba981054,Heather Robertson,Service Director at LionCo,"Bay of Plenty, New Zealand",Heather,Robertson,,,
2021-08-13,https://www.linkedin.com/in/brittany-frankland-71438145,Brittany Frankland,Marketing Manager at The Clinic Online,"Macquarie Park, NS",Brittany,Frankland,,,
2021-08-13,https://www.linkedin.com/in/vincelebon,Vince Lebon,"Rollie Founder, CEO and Designer | No.4 in Top 50 People in E-commerce 2021",Greater Melbourne Area,Vince,Lebon,,,
2021-08-13,https://www.linkedin.com/in/david-janovic-6b747529,David Janovic,Founder & MD RJ Living | Top 50 People in eCommerce 2021,Greater Melbourne Area,David,Janovic,,,
2021-08-13,https://www.linkedin.com/in/michelafraser,Michéla Fraser,Advocacy Lead at Dyson,Greater Sydney Area,Michéla,Fraser,,,
2021-08-13,https://www.linkedin.com/in/cathryn-wills-60133789,Cathryn Wills,Founder + Creative Director SANS BEAST,Greater Melbourne Area,Cathryn,Wills,,,
2021-08-13,https://www.linkedin.com/in/bobbymohan,Bobby Mohan,Ecommerce Manager at Thorn Group Limited,"New South Wales, Australia",Bobby,Mohan,,,
2021-08-13,https://www.linkedin.com/in/simonvatcher,Simon Vatcher,"Managing Director at Avaya, Australia and New Zealand",Greater Sydney Area,Simon,Vatcher,,,
2021-08-13,https://www.linkedin.com/in/leahmjackson,Leah Jackson,Head Of Digital Marketing at Goodman Fielder,Greater Sydney Area,Leah,Jackson,,,
2021-08-13,https://www.linkedin.com/in/ameliastanojevic,Amelia Stanojevic,"Brand Strategy Manager, APAC at BuzzFeed",Greater Sydney Area,Amelia,Stanojevic,,,
2021-08-13,https://www.linkedin.com/in/zoemileswillis,Zoe Willis,"Proud geek, leading growth with power of data / digital transformation | Diversity champion and thought leader","Sydney, NS",Zoe,Willis,,,
2021-08-13,https://www.linkedin.com/in/nivea-lally,Nivea Lally,Enterprise Sales - DELL Technologies | Ex. Microsoft,Greater Sydney Area,Nivea,Lally,,,
2021-08-13,https://www.linkedin.com/in/juhichibber,Juhi Chibber,Operational Account Manager AU/NZ at Insider,"Sydney, NS",Juhi,Chibber,,,
2021-08-13,https://www.linkedin.com/in/sanjay-kumar-singh-97b2a914,Sanjay Kumar Singh,Chief Executive Officer at Alletec,Greater Sydney Area,Sanjay,Kumar Singh,,,
2021-08-13,https://www.linkedin.com/in/ser-yee-tim-goh-83b0621b,Ser Yee Tim Goh,CRM & Customer Experience Leader,Greater Melbourne Area,Ser,Yee Tim Goh,,,
2021-08-13,https://www.linkedin.com/in/ericjunior,Eric Amankwah,Helping companies leverage LinkedIn's data to accelerate growth,Greater Sydney Area,Eric,Amankwah,,,
2021-08-13,https://www.linkedin.com/in/julie-to-03b04655,Julie To,Country Manager Van Cleef & Arpels Australia,Greater Sydney Area,Julie,To,,,
2021-08-13,https://www.linkedin.com/in/amit-kaundinya,Amit Kaundinya,Digital Practice Lead at Wipro Digital,"Millers Point, NS",Amit,Kaundinya,,,
2021-08-13,https://www.linkedin.com/in/aleksandra-chojnacki,Aleksandra Chojnacki,"Enterprise Solutions Executive, APAC at BigCommerce","Bondi, NS",Aleksandra,Chojnacki,,,
2021-08-13,https://www.linkedin.com/in/sulavsaha,Sulav Saha,Data & Analytics Leader |Behavioural Scientist | Creating competitive advantage through strategic insights,"Sydney, NS",Sulav,Saha,,,
2021-08-13,https://www.linkedin.com/in/georgecovino,George Covino,Strategic Consultant at Astral,"Melbourne, VI",George,Covino,,,
2021-08-13,https://www.linkedin.com/in/glen-maclarty-a6591b3,Glen MacLarty,Head of Technology - NextGen at Class Ltd,Greater Sydney Area,Glen,MacLarty,,,
2021-08-13,https://www.linkedin.com/in/dan-beer-36680b97,Dan Beer,Senior Business Director at Digitas Australia,Greater Sydney Area,Dan,Beer,,,
2021-08-13,https://www.linkedin.com/in/kristina-leeaxr,Kristina Lee,"Helping future Sales, Marketing & Category leaders make great decisions in FMCG- kristinal@axr.com.au, 04233 26331","Sydney, NS",Kristina,Lee,,,
2021-08-13,https://www.linkedin.com/in/lara-weber-7b1575163,Lara Weber,Ecommerce and Merchandise Coordinator at ThreeByOne - Abrand,"Melbourne, VI",Lara,Weber,,,
2021-08-13,https://www.linkedin.com/in/sebastiankuemmel,Sebastian Kümmel,MarTech | CRM | Digital Strategy,Greater Sydney Area,Sebastian,Kümmel,,,
2021-08-13,https://www.linkedin.com/in/john-twomey-42b6b012,John Twomey,Director Must Sell a Car Global. Capital Raising - International Tax - Franchise Development - Champion Equestrian,"Sydney, NS",John,Twomey,,,
2021-08-13,https://www.linkedin.com/in/mia-aquilina-b73b7613b,Mia Aquilina,Media and Trading Assistant at OMD Australia,Australia,Mia,Aquilina,,,
2021-08-13,https://www.linkedin.com/in/dean-riach,Dean Riach,Delivering the world’s most sophisticated Digital Workforce,Greater Sydney Area,Dean,Riach,,,
2021-08-13,https://www.linkedin.com/in/karankanchan,Karan Kanchan ⭐️,"Financial Services Lead for Banking Operations and Compliance as a Service focusing on Financial Crime, Risk & Fraud Investigations","Sydney, NS",Karan,Kanchan ⭐️,,,
2021-08-13,https://www.linkedin.com/in/patt-shrestha-ab1414107,Patt Shrestha,Enabling companies drive pipeline growth by implementing engaging digital experiences | Experiential Marketing | Demand Generation | MarTECH enthusiast,Greater Sydney Area,Patt,Shrestha,,,
2021-08-13,https://www.linkedin.com/in/sophie-birch,Sophie Birch,eCommerce Operations Coordinator | Studying Master of Marketing,Greater Melbourne Area,Sophie,Birch,,,
2021-08-13,https://www.linkedin.com/in/sean-burnell-94b38926,Sean Burnell,RF Group - Property,Greater Sydney Area,Sean,Burnell,,,
2021-08-13,https://www.linkedin.com/in/sarinaq,Sarina Quinlan,Data Driven Full Stack Marketer | Mentor | Skilled Helper,Omimi,Sarina,Quinlan,,,
2021-08-13,https://www.linkedin.com/in/veronica-jorge-862ab7146,Veronica Jorge,Senior Product Manager | Owner - Endeavour Group,Greater Sydney Area,Veronica,Jorge,,,
2021-08-13,https://www.linkedin.com/in/hosni-hussain,Hosni Hussain,Human | Automation Enthusiast,Australia,Hosni,Hussain,,,
2021-08-13,https://www.linkedin.com/in/stevgavriloska,Stev Gavriloska,Managing Director - Business Services ANZ Swarovski,Greater Sydney Area,Stev,Gavriloska,,,
2021-08-13,https://www.linkedin.com/in/sascha-huwald,Sascha Huwald,Head of Marketing Technology | Creator of the SFMC SSJS Library,Greater Sydney Area,Sascha,Huwald,,,
2021-08-13,https://www.linkedin.com/in/katie-%E2%80%98kt%E2%80%99-leslie-she-her-5b969725,Katie ‘KT’ Leslie (she/her),Client Services Director,"Sydney, NS",Katie,‘KT’ Leslie (she/her),,,
2021-08-13,https://www.linkedin.com/in/patrickdflewis,Patrick Lewis,Global Entity Management (PayPal AU) at PayPal,Greater Sydney Area,Patrick,Lewis,,,
2021-08-13,https://www.linkedin.com/in/mike-welling-adventure,Mike Welling,CEO/Founder at Hemisphere Digital,"Sydney, NS",Mike,Welling,,,
2021-08-13,https://www.linkedin.com/in/tristan-dayashanker-0b07b917,Tristan Dayashanker,Product/Project manager | E-Commerce | MarTech,Greater Melbourne Area,Tristan,Dayashanker,,,
2021-08-13,https://www.linkedin.com/in/abigailvcarter,Abi Carter,Event Management + CxO Engagement + Production Management,"Bondi, NS",Abi,Carter,,,
2021-08-13,https://www.linkedin.com/in/carlanapier,Carla Napier,Online & Omni Channel Project Manager at The Estée Lauder Companies Australia,Greater Sydney Area,Carla,Napier,,,
2021-08-13,https://www.linkedin.com/in/sarah-moloney-5a784713,Sarah Moloney,Project Manager at 6R Retail Pty Ltd,"Sydney, NS",Sarah,Moloney,,,
2021-08-13,https://www.linkedin.com/in/naveenraj,Naveen Raj Balasubramaniam,Manager at Deloitte Australia,"Melbourne, VI",Naveen,Raj Balasubramaniam,,,
2021-08-13,https://www.linkedin.com/in/james111,James Conner,Helping Digital teams deliver a superior CX to drive revenue,Greater Sydney Area,James,Conner,,,
2021-08-13,https://www.linkedin.com/in/francesca-cissell-130a9164,Francesca Cissell,Paid Media Lead at Dyson,Greater Sydney Area,Francesca,Cissell,,,
2021-08-13,https://www.linkedin.com/in/manji-chhabhadia-95836116,Manji Chhabhadia,"Curious & Persistent Bridges / Structures Civil Engineer with Passion & Patience to learn, innovate & share alternate thoughts & ideas.",Greater Sydney Area,Manji,Chhabhadia,,,
2021-08-13,https://www.linkedin.com/in/demi-pappas-b91a11110,Demi Pappas,Account Manager- FOXTEL,Australia,Demi,Pappas,,,
2021-08-13,https://www.linkedin.com/in/pinkpichsineephungdet,Pink Phungdet,Human Resources Intern at WattsNext Group,"Brisbane, QL",Pink,Phungdet,,,
2021-08-13,https://www.linkedin.com/in/da-devos,🤖Dirk de Vos,Regional Director for Channels & Alliances at AAI,"Manly, NS",🤖Dirk,de Vos,,,
2021-08-13,https://www.linkedin.com/in/justin-gallego-ba906320,Justin Gallego,Account Executive- Enterprise at ON24,Greater Sydney Area,Justin,Gallego,,,
2021-08-13,https://www.linkedin.com/in/amossli,Alex Moss,"VP Sales, Asia Pacific at Ultra Commerce","Sydney, NS",Alex,Moss,,,
2021-08-13,https://www.linkedin.com/in/harrisonwhitbread,Harrison Whitbread,Marketing and Analytics student,Greater Sydney Area,Harrison,Whitbread,,,
2021-08-13,https://www.linkedin.com/in/samanthahoan,Samantha Hoan,YC(S20) | Helping Finance teams Save with Volopay.,"Sydney, NS",Samantha,Hoan,,,
2021-08-13,https://www.linkedin.com/in/saumyashahmardani,Saumya R Shahmardani,Lead Business Analyst - SIAM/ITSM (ITIL/CoBIT) Processes and Technologies,Greater Sydney Area,Saumya,R Shahmardani,,,
2021-08-13,https://www.linkedin.com/in/laila-soomro,Laila Ayaz,Recruitment Officer/People & Culture Coordinator| HR | Product Owner | Tech Start Ups,Australia,Laila,Ayaz,,,
2021-08-13,https://www.linkedin.com/in/kevin-wilbert-widjaja-456128123,Kevin Wilbert Widjaja,Founder at MK Indonesia | Commissioner at PT Aroma Fruity Yoghurt | Master of Business Analytics Student,"Melbourne, VI",Kevin,Wilbert Widjaja,,,
2021-08-13,https://www.linkedin.com/in/brendondekauwe,Brendon J de Kauwe,Program Coordinator (Leadership) at Monash University,Greater Melbourne Area,Brendon,J de Kauwe,,,
2021-08-13,https://www.linkedin.com/in/emilyelvey,Emily Elvey,Customer Experience Lead at M.J. Bale,Greater Sydney Area,Emily,Elvey,,,
2021-08-13,https://www.linkedin.com/in/frazerparker,Frazer Parker,Account Executive at Insider.,"Sydney, NS",Frazer,Parker,,,
2021-08-13,https://www.linkedin.com/in/vignesh-raj-06aa70169,Vignesh Raj,Chartered Accountant,Greater Perth Area,Vignesh,Raj,,,
2021-08-13,https://www.linkedin.com/in/samantha-farrugia-703ab018b,Samantha Farrugia,Human Resources Graduate at George & Matilda Eyecare,Greater Sydney Area,Samantha,Farrugia,,,
2021-08-13,https://www.linkedin.com/in/sarah-moffat-941ab3a4,Sarah Moffat,Executive Assistant at IAG,"Melbourne, VI",Sarah,Moffat,,,
2021-08-13,https://www.linkedin.com/in/vivek-verma-ab6675156,Vivek Verma,Operational Account Manager at Insider.,Greater Sydney Area,Vivek,Verma,,,
2021-08-13,https://www.linkedin.com/in/eric-nguyen-6b57b717,Eric Nguyen,"Distinguished Speaker of Global Digital Currency Forum 2021, Singapore at Clariden Global","Canberra, CT",Eric,Nguyen,,,
2021-08-13,https://www.linkedin.com/in/mokshita-mehta-90ba6015,Mokshita Mehta,People and Culture Business Partner at Independent Living Specialists,"Sydney, NS",Mokshita,Mehta,,,
2021-08-13,https://www.linkedin.com/in/sandeep-godbole-2b657113,Sandeep Godbole,Cyber Defence Engineer - Manager at ANZ,"Melbourne, VI",Sandeep,Godbole,,,
2021-08-13,https://www.linkedin.com/in/christine-abbott,Christine Abbott,Head Of Marketing at moochi,Auckland,Christine,Abbott,,,
2021-08-13,https://www.linkedin.com/in/tu-quynh-nguy-23057816a,Tu Quynh Nguy,Marketing Assistant at Retail Doctor Group,"Strathfield, NS",Tu,Quynh Nguy,,,
2021-08-13,https://www.linkedin.com/in/rhodessa-danao-a6772b1b,Rhodessa Danao,People Leader| Business Sales Developer,Greater Sydney Area,Rhodessa,Danao,,,
2021-08-13,https://www.linkedin.com/in/jovanavukelic,Jovana Vukelic,Making It Happen,Greater Sydney Area,Jovana,Vukelic,,,
2021-08-13,https://www.linkedin.com/in/gaurav-makhija-7946a872,Gaurav Makhija,Credit Risk Analyst l CPA I Risk & Stakeholder Management,"Tarneit, VI",Gaurav,Makhija,,,
2021-08-13,https://www.linkedin.com/in/kanishmajumdar,"Kanish Majumdar,PRINCE2®",✉majumdar.kanish@gmail.com ☎0403746912 IT Infra Project Managment│PMO Analyst│Pre-Sales Consultant│Domain-Retail&Finance,"Canberra, CT",Kanish,"Majumdar,PRINCE2®",,,
2021-08-13,https://www.linkedin.com/in/smithapv,Smitha P.,Recruitment Consultant at Bridge IT Engineering,Australia,Smitha,P.,,,
2021-08-13,https://www.linkedin.com/in/jamila-buenaventura-539973205,Jamila Buenaventura,Business Development Manager at BDM JB,"Millers Point, NS",Jamila,Buenaventura,,,
2021-08-13,https://www.linkedin.com/in/ibullen,Isaac Bullen,Helping businesses grow through data-driven marketing,Waipapa,Isaac,Bullen,,,
2021-08-13,https://www.linkedin.com/in/kumar-veluppillai,Kumar Veluppillai,Sales Manager at Emerge Internet,Greater Perth Area,Kumar,Veluppillai,,,
2021-08-13,https://www.linkedin.com/in/matthew-tobing-75118393,Matthew Tobing,IT Infrastructure and Support Manager,"Atwell, WA",Matthew,Tobing,,,
2021-08-13,https://www.linkedin.com/in/nathan-john-ab027013,Nathan John,Delivery Head at Wipro,Greater Sydney Area,Nathan,John,,,
2021-08-13,https://www.linkedin.com/in/shadisaqqa,Shadi Saqqa,Senior Oracle Cloud ERP Consultant,Auckland,Shadi,Saqqa,,,
2021-08-15,https://www.linkedin.com/in/nahom-tilahun-a7b13639,Nahom Tilahun,Team Lead/Project Manager Team Lead at GEICO,"Washington, DC",Nahom,Tilahun,Team Lead/Project Manager Team Lead,GEICO,https://www.linkedin.com/company/geico/
2021-08-15,https://www.linkedin.com/in/john-kester-iii-phd,"John Kester III, PhD",Senior Sustainability Program Manager at ADEC Innovations,"Fayetteville, AR",John,Kester,Senior Sustainability Program Manager,ADEC Innovations,https://www.linkedin.com/company/zoned-properties/
2021-08-15,https://www.linkedin.com/in/mojeed-abisiga,Mojeed Abisiga,"Data Scientist, Machine Learning Engineer, RPA Specialist | Microsoft Certified Data Scientist","Greensboro, NC",Mojeed,Abisiga,,,https://www.linkedin.com/company/kpmg_nigeria/
2021-08-15,https://www.linkedin.com/in/sadia-nawaz-6031b92b,Sadia Nawaz,Southwest Airlines Dallas Operations,Dallas-Fort Worth Metroplex,Sadia,Nawaz,,,https://www.linkedin.com/company/southwest-airlines/
2021-08-15,https://www.linkedin.com/in/farazabaig,Faraz A B.,AWS Certified Solutions Architect | Cloud Migration | Partner Business Manager | Trusted Advisor,Greater Chicago Area,Faraz,A,,,https://www.linkedin.com/company/excellent-medical-associates/
2021-08-15,,,,,,,,,
2021-08-15,https://www.linkedin.com/search/results/people/headless?geoUrn=%5B103644278%5D&eventAttending=%5B6828696278394802176%5D&origin=FACETED_SEARCH,LinkedIn Member,"Bachelor's degree in Management Information Systems at California State University, Long Beach","Torrance, CA",LinkedIn,Member,Bachelor's degree in Management Information Systems,"California State University, Long Beach",
2021-08-15,https://www.linkedin.com/in/naba-riaz-52085a195,Naba Riaz,Cybersecurity Tech Fellow at CodePath | Professional Coordinator of SWE at Sac State | Secretary of MSA at Sac State,San Francisco Bay Area,Naba,Riaz,Cybersecurity Tech Fellow,CodePath | Professional Coordinator of SWE,https://www.linkedin.com/company/codepath-org/
2021-08-15,https://www.linkedin.com/in/julianash,Julia R Nash,Cloud Satellite Product Manager at IBM,Dallas-Fort Worth Metroplex,Julia,R,Cloud Satellite Product Manager,IBM,https://www.linkedin.com/company/ibm/
